频道名,地址,回播地址,回播类型,回播天数,tvg-id,tvg-name,国家分组,语言分组,图标,原分组,分辨率,来源文件
CCTV6,http://123.130.84.106:8154/tsfile/live/0006_1.m3u8?key=txiptv&playlive=1&authid=0,,,,,CCTV6,,,,,,TianmuTNT.txt
CCTV6,http://124.228.160.210:9901/tsfile/live/0006_1.m3u8?key=txiptv&playlive=1&authid=0,,,,,CCTV6,,,,,,TianmuTNT.txt
CCTV6,http://221.13.235.123:9901/tsfile/live/0006_1.m3u8?key=txiptv&playlive=1&authid=0,,,,,CCTV6,,,,,,TianmuTNT.txt
CCTV6,http://101.66.199.17:9901/tsfile/live/0006_1.m3u8?key=txiptv&playlive=0&authid=0,,,,,CCTV6,,,,,,TianmuTNT.txt
CCTV6,http://101.66.194.161:9901/tsfile/live/0006_1.m3u8?key=txiptv&playlive=0&authid=0,,,,,CCTV6,,,,,,TianmuTNT.txt
CCTV7,http://124.228.160.210:9901/tsfile/live/0007_1.m3u8?key=txiptv&playlive=1&authid=0,,,,,CCTV7,,,,,,TianmuTNT.txt
CCTV7,http://221.13.235.123:9901/tsfile/live/0007_1.m3u8?key=txiptv&playlive=1&authid=0,,,,,CCTV7,,,,,,TianmuTNT.txt
CCTV7,http://101.66.194.161:9901/tsfile/live/0007_1.m3u8?key=txiptv&playlive=0&authid=0,,,,,CCTV7,,,,,,TianmuTNT.txt
CCTV8,http://124.165.251.82:85/tsfile/live/0008_1.m3u8?key=txiptv&playlive=1&authid=0,,,,,CCTV8,,,,,,TianmuTNT.txt
CCTV8,http://221.13.235.123:9901/tsfile/live/0008_1.m3u8?key=txiptv&playlive=1&authid=0,,,,,CCTV8,,,,,,TianmuTNT.txt
CCTV8,http://gmxw.7766.org:808/hls/96/index.m3u8,,,,,CCTV8,,,,,,TianmuTNT.txt
CCTV8,http://123.130.84.106:8154/tsfile/live/0008_1.m3u8?key=txiptv&playlive=1&authid=0,,,,,CCTV8,,,,,,TianmuTNT.txt
CCTV8,http://124.228.160.210:9901/tsfile/live/0008_1.m3u8?key=txiptv&playlive=1&authid=0,,,,,CCTV8,,,,,,TianmuTNT.txt
CCTV9,http://221.13.235.123:9901/tsfile/live/0009_1.m3u8?key=txiptv&playlive=1&authid=0,,,,,CCTV9,,,,,,TianmuTNT.txt
CCTV9,http://124.228.160.210:9901/tsfile/live/0009_1.m3u8?key=txiptv&playlive=1&authid=0,,,,,CCTV9,,,,,,TianmuTNT.txt
CGTN,https://0472.org/hls/cgtn.m3u8,,,,,CGTN,,,,,,TianmuTNT.txt
CGTN,http://english-livetx.cgtn.com/hls/yypdyyctzb_hd.m3u8,,,,,CGTN,,,,,,TianmuTNT.txt
CGTN纪录,https://0472.org/hls/cgtnd.m3u8,,,,,CGTN纪录,,,,,,TianmuTNT.txt
CGTN纪录,https://english-livetx.cgtn.com/hls/yypdjlctzb_hd.m3u8,,,,,CGTN纪录,,,,,,TianmuTNT.txt
CGTN西语,https://0472.org/hls/cgtnx.m3u8,,,,,CGTN西语,,,,,,TianmuTNT.txt
CGTN阿语,https://0472.org/hls/cgtna.m3u8,,,,,CGTN阿语,,,,,,TianmuTNT.txt
CHC电影,http://183.237.95.108:9901/tsfile/live/1008_1.m3u8?key=txiptv&playlive=0&authid=0,,,,,CHC电影,,,,,,TianmuTNT.txt
上虞文化影院,http://l.cztvcloud.com/channels/lantian/SXshangyu2/720p.m3u8?zzhed,,,,,上虞文化影院,,,,,,TianmuTNT.txt
上虞新商都,http://l.cztvcloud.com/channels/lantian/SXshangyu3/720p.m3u8?zzhed,,,,,上虞新商都,,,,,,TianmuTNT.txt
东丰,http://stream5.jlntv.cn/df/sd/live.m3u8?zjild,,,,,东丰,,,,,,TianmuTNT.txt
东南卫视,http://124.228.160.210:9901/tsfile/live/0137_1.m3u8?key=txiptv&playlive=1&authid=0,,,,,东南卫视,,,,,,TianmuTNT.txt
东方卫视,http://bp-resource-dfl.bestv.cn/148/3/video.m3u8,,,,,东方卫视,,,,,,TianmuTNT.txt
东方卫视,http://bp-resource-dfl.bestv.cn/155/3/video.m3u8,,,,,东方卫视,,,,,,TianmuTNT.txt
东方卫视,http://101.66.194.161:9901/tsfile/live/0018_1.m3u8?key=txiptv&playlive=0&authid=0,,,,,东方卫视,,,,,,TianmuTNT.txt
东方卫视,http://124.228.160.210:9901/tsfile/live/1005_1.m3u8?key=txiptv&playlive=1&authid=0,,,,,东方卫视,,,,,,TianmuTNT.txt
东莞新闻综合,https://stream.sun0769.com/dgrtv1/mp4tv1_800/index.m3u8,,,,,东莞新闻综合,,,,,,TianmuTNT.txt
东莞生活资讯,https://stream.sun0769.com/dgrtv1/mp4tv2_800/index.m3u8,,,,,东莞生活资讯,,,,,,TianmuTNT.txt
中国村庄,http://newcntv.qcloudcdn.com/asp/hls/4000/0303000a/3/default/93fc12dbf14241c18c23da104fbade23/4000.m3u8,,,,,中国村庄,,,,,,TianmuTNT.txt
中央电视塔东,https://gcalic.v.myalicdn.com/gc/ztd_1/index.m3u8,,,,,中央电视塔东,,,,,,TianmuTNT.txt
中央电视塔南,https://gcalic.v.myalicdn.com/gc/ztn_1/index.m3u8,,,,,中央电视塔南,,,,,,TianmuTNT.txt
丽江古城万古楼遥望玉龙雪山,https://gcalic.v.myalicdn.com/gc/ljgcwglytylxs_1/index.m3u8,,,,,丽江古城万古楼遥望玉龙雪山,,,,,,TianmuTNT.txt
丽江古城大水车,https://gcalic.v.myalicdn.com/gc/ljgcdsc_1/index.m3u8,,,,,丽江古城大水车,,,,,,TianmuTNT.txt
丽江古城大研花巷观景,https://gcalic.v.myalicdn.com/gc/ljgcdyhxgjt_1/index.m3u8,,,,,丽江古城大研花巷观景,,,,,,TianmuTNT.txt
义乌新闻综合,https://44911.hlsplay.aodianyun.com/tv_radio_44911/tv_channel_1796.m3u8?auth_key=4830573978-0-0-92824c2c03f95906a3c49a4aa28f1709&extra_key=Yc1XsmxOKy2UBoPM4Wy5vCPsEYqnj06taCR2SRB2Xrg2w28NPilH03KdIbbM5wgSql-VBohSnoO9AOKl94q2t2DWMftz-XB-2qUX-UjXcS80StcSZahBFjrKLivXaRjiY5r2NOMKWMKFbv-S0Bz2G6iEXgCK8yGjtrFHDcPfAQEE0pvXq0Bwy34b7We8zARN&ali_ffmpeg_version=mpengine,,,,,义乌新闻综合,,,,,,TianmuTNT.txt
乌镇全景,https://gcalic.v.myalicdn.com/gc/zjwzblt_1/index.m3u8,,,,,乌镇全景,,,,,,TianmuTNT.txt
乌镇蓝印花布,https://gcalic.v.myalicdn.com/gc/zjwzlyhb_1/index.m3u8,,,,,乌镇蓝印花布,,,,,,TianmuTNT.txt
乌镇西市河,https://gcalic.v.myalicdn.com/gc/zjwzbblh_1/index.m3u8,,,,,乌镇西市河,,,,,,TianmuTNT.txt
乌镇龙形田,https://gcalic.v.myalicdn.com/gc/zjwzlxt_1/index.m3u8,,,,,乌镇龙形田,,,,,,TianmuTNT.txt
乐山大佛全景,https://gcalic.v.myalicdn.com/gc/lsdfgfl_1/index.m3u8,,,,,乐山大佛全景,,,,,,TianmuTNT.txt
云南丽江冰川,https://gcalic.v.myalicdn.com/gc/hkylxs05_1/index.m3u8,,,,,云南丽江冰川,,,,,,TianmuTNT.txt
云南丽江印象实景,https://gcalic.v.myalicdn.com/gc/hkylxs01_1/index.m3u8,,,,,云南丽江印象实景,,,,,,TianmuTNT.txt
云南丽江玉龙雪山,https://gcalic.v.myalicdn.com/gc/ylxs11_1/index.m3u8,,,,,云南丽江玉龙雪山,,,,,,TianmuTNT.txt
云南丽江玉龙雪山草甸,https://gcalic.v.myalicdn.com/gc/hkylxs06_1/index.m3u8,,,,,云南丽江玉龙雪山草甸,,,,,,TianmuTNT.txt
云南丽江蓝月谷,https://gcalic.v.myalicdn.com/gc/ylxs12_1/index.m3u8,,,,,云南丽江蓝月谷,,,,,,TianmuTNT.txt
云南卫视,http://123.130.84.106:8154/tsfile/live/0119_1.m3u8?key=txiptv&playlive=1&authid=0,,,,,云南卫视,,,,,,TianmuTNT.txt
云南大理崇圣寺三塔中景,https://gcalic.v.myalicdn.com/gc/dlst03_1/index.m3u8,,,,,云南大理崇圣寺三塔中景,,,,,,TianmuTNT.txt
云南大理崇圣寺三塔远景,https://gcalic.v.myalicdn.com/gc/dlst01_1/index.m3u8,,,,,云南大理崇圣寺三塔远景,,,,,,TianmuTNT.txt
云南白沙远眺玉龙雪山,https://gcalic.v.myalicdn.com/gc/hkylxs03_1/index.m3u8,,,,,云南白沙远眺玉龙雪山,,,,,,TianmuTNT.txt
五彩池,https://gcalic.v.myalicdn.com/gc/hlwcc_1/index.m3u8,,,,,五彩池,,,,,,TianmuTNT.txt
人在囧途,https://vip.ffzy-play.com/20221018/1953_2d6ba500/index.m3u8,,,,,人在囧途,,,,,,TianmuTNT.txt
人在囧途之泰囧,https://vip.ffzy-play.com/20221018/1951_47e1adc8/index.m3u8,,,,,人在囧途之泰囧,,,,,,TianmuTNT.txt
人在囧途之港囧,https://vip.ffzy-play7.com/20230112/11082_fde1a94d/index.m3u8,,,,,人在囧途之港囧,,,,,,TianmuTNT.txt
人间卫视,https://5ddce30eb4b55.streamlock.net/bltvhd/bltv1/chunklist_w511254805.m3u8,,,,,人间卫视,,,,,,TianmuTNT.txt
人间卫视,http://61.216.67.119:1935/bltvhd/bltv1/chunklist_w1266569526.m3u,,,,,人间卫视,,,,,,TianmuTNT.txt
仁寿综合,https://play.scrstv.com.cn/DT/live.m3u8?auth_key=60001724663204-0-0-c1cc4ded9841ac34f63cdbd3aec647ef,,,,,仁寿综合,,,,,,TianmuTNT.txt
倩女幽魂人间道,http://jsmov2.a.yximgs.com/bs3/video-hls/5250634317044855747_hlsb.m3u8,,,,,倩女幽魂人间道,,,,,,TianmuTNT.txt
倩女幽魂妖魔道,http://jsmov2.a.yximgs.com/bs3/video-hls/5232901391302199073_hlsb.m3u8,,,,,倩女幽魂妖魔道,,,,,,TianmuTNT.txt
倩女幽魂道道道,http://jsmov2.a.yximgs.com/bs3/video-hls/5216294367991385255_hlsb.m3u8,,,,,倩女幽魂道道道,,,,,,TianmuTNT.txt
八里沟风景区天界山玻璃栈道,https://gcalic.v.myalicdn.com/gc/blg03_1/index.m3u8,,,,,八里沟风景区天界山玻璃栈道,,,,,,TianmuTNT.txt
八里沟风景区桃花湾瀑布,https://gcalic.v.myalicdn.com/gc/blg05_1/index.m3u8,,,,,八里沟风景区桃花湾瀑布,,,,,,TianmuTNT.txt
六盘山红军长征景区,https://gcalic.v.myalicdn.com/gc/lpsgmjng01_1/index.m3u8,,,,,六盘山红军长征景区,,,,,,TianmuTNT.txt
兰溪新闻综合,http://l.cztvcloud.com/channels/lantian/SXlanxi1/720p.m3u8?zzhed,,,,,兰溪新闻综合,,,,,,TianmuTNT.txt
兵团五师双河影,https://liveout.btzx.com.cn/62ds9e/6o77s4.m3u8?zxinjd,,,,,兵团五师双河影,,,,,,TianmuTNT.txt
兵团八师石河子新闻综合,http://124.88.144.73:1935/live/xwzh/playlist.m3u8?zxinjd,,,,,兵团八师石河子新闻综合,,,,,,TianmuTNT.txt
凤凰中文,http://play-flive.ifeng.com/live/06OLEGEGM4G.m3u8,,,,,凤凰中文,,,,,,TianmuTNT.txt
凤凰资讯,http://play-flive.ifeng.com/live/06OLEEWQKN4.m3u8,,,,,凤凰资讯,,,,,,TianmuTNT.txt
北京卫视,http://101.66.194.161:9901/tsfile/live/0016_1.m3u8?key=txiptv&playlive=0&authid=0,,,,,北京卫视,,,,,,TianmuTNT.txt
北京卫视,http://101.66.199.17:9901/tsfile/live/0016_1.m3u8?key=txiptv&playlive=0&authid=0,,,,,北京卫视,,,,,,TianmuTNT.txt
北京卫视,http://124.228.160.210:9901/tsfile/live/0122_1.m3u8?key=txiptv&playlive=1&authid=0,,,,,北京卫视,,,,,,TianmuTNT.txt
南京玄武湖公园,https://gcalic.v.myalicdn.com/gc/xwh01_1/index.m3u8,,,,,南京玄武湖公园,,,,,,TianmuTNT.txt
南国都市,https://tencentplay.gztv.com/live/nanguodushi.m3u8?txSecret=550af55c0ea34ce492748481415b6dfa&txTime=1903e7b17de,,,,,南国都市,,,,,,TianmuTNT.txt
厦门鼓浪屿,https://gcalic.v.myalicdn.com/gc/gly01_1/index.m3u8,,,,,厦门鼓浪屿,,,,,,TianmuTNT.txt
古县综合,https://l2fpdktp.live.sxmty.com/live/hls/e4c3b363cc4549788e2d983f403e07db/d99ce1eb686e41b9afc888110bd95aa7.m3u8?zshanxd,,,,,古县综合,,,,,,TianmuTNT.txt
句容党建,http://jrlive.jrntv.com/live/_definst_/dangjians/playlist.m3u8?%E5%85%B3%E6%B3%A8%E5%BE%AE%E4%BF%A1%E5%85%AC%E4%BC%97%E5%8F%B7[%E6%99%B4%E5%9B%AD],,,,,句容党建,,,,,,TianmuTNT.txt
句容影院,http://jrlive.jrntv.com/live/_definst_/yingshis/chunklist_w1994429382.m3u8?zjiangsd,,,,,句容影院,,,,,,TianmuTNT.txt
句容生活,http://jrlive.jrntv.com/live/_definst_/shenghuos/playlist.m3u8?%E5%85%B3%E6%B3%A8%E5%BE%AE%E4%BF%A1%E5%85%AC%E4%BC%97%E5%8F%B7[%E6%99%B4%E5%9B%AD],,,,,句容生活,,,,,,TianmuTNT.txt
可克达拉综合,http://file.loulannews.cn/nmip-media/channellive/channel103824/playlist.m3u8,,,,,可克达拉综合,,,,,,TianmuTNT.txt
哈尔滨都市咨询,http://stream.hrbtv.net/zxpd/sd/live.m3u8?zheild,,,,,哈尔滨都市咨询,,,,,,TianmuTNT.txt
嘉兴新闻综合,http://tvfile.jyrmt.cn:80/nmip-media/channellive/channel104452/playlist.m3u8,,,,,嘉兴新闻综合,,,,,,TianmuTNT.txt
四川四姑娘山隆珠措,https://gcalic.v.myalicdn.com/gc/sgns02_1/index.m3u8,,,,,四川四姑娘山隆珠措,,,,,,TianmuTNT.txt
四川峨眉山云海日出,https://gcalic.v.myalicdn.com/gc/emsarm_1/index.m3u8,,,,,四川峨眉山云海日出,,,,,,TianmuTNT.txt
四川峨眉山普贤菩萨铜像,https://gcalic.v.myalicdn.com/gc/emspxps_1/index.m3u8,,,,,四川峨眉山普贤菩萨铜像,,,,,,TianmuTNT.txt
四川峨眉山远眺万佛顶,https://gcalic.v.myalicdn.com/gc/emswfs_1/index.m3u8,,,,,四川峨眉山远眺万佛顶,,,,,,TianmuTNT.txt
四川峨眉山远眺贡嘎雪山,https://gcalic.v.myalicdn.com/gc/emsyh_1/index.m3u8,,,,,四川峨眉山远眺贡嘎雪山,,,,,,TianmuTNT.txt
四川科教,http://182.150.115.21:8030/pcgacg/pcgacg_0.m3u8,,,,,四川科教,,,,,,TianmuTNT.txt
地理中国,http://newcntv.qcloudcdn.com/asp/hls/1200/0303000a/3/default/c6baf6f74bb944aeacee1065ea72c798/1200.m3u8,,,,,地理中国,,,,,,TianmuTNT.txt
天津卫视,http://222.169.85.8:9901/tsfile/live/0135_1.m3u8?key=txiptv&playlive=1&authid=0,,,,,天津卫视,,,,,,TianmuTNT.txt
天涯石,https://gcalic.v.myalicdn.com/gc/tyhjtys_1/index.m3u8,,,,,天涯石,,,,,,TianmuTNT.txt
太谷新闻综合,https://p2.vzan.com/slowlive/596867413819827251/live.m3u8?zbid=1725814272&amp;amp;tpid=1516989100&amp;amp;type=0,,,,,太谷新闻综合,,,,,,TianmuTNT.txt
奎屯汉语,http://218.84.12.186:8001/hls/main/playlist.m3u8?zxinjd,,,,,奎屯汉语,,,,,,TianmuTNT.txt
安徽卫视,http://124.228.160.210:9901/tsfile/live/0130_1.m3u8?key=txiptv&playlive=1&authid=0,,,,,安徽卫视,,,,,,TianmuTNT.txt
安徽卫视,http://gmxw.7766.org:808/hls/40/index.m3u8,,,,,安徽卫视,,,,,,TianmuTNT.txt
安徽导视,http://dspdhls.appcoo.com:8888/live/dspd/index.m3u8,,,,,安徽导视,,,,,,TianmuTNT.txt
安徽池州九华山风景区九华山,https://gcalic.v.myalicdn.com/gc/jhs05_1/index.m3u8,,,,,安徽池州九华山风景区九华山,,,,,,TianmuTNT.txt
安徽黟县芦村远眺,https://gcalic.v.myalicdn.com/gc/yxlcyt_1/index.m3u8,,,,,安徽黟县芦村远眺,,,,,,TianmuTNT.txt
安徽黟县西递牌坊,https://gcalic.v.myalicdn.com/gc/yxxdpf_1/index.m3u8,,,,,安徽黟县西递牌坊,,,,,,TianmuTNT.txt
寒战,https://vip.ffzy-play6.com/20221019/157_bf0740ee/index.m3u8,,,,,寒战,,,,,,TianmuTNT.txt
山东卫视,http://123.130.84.106:8154/tsfile/live/0131_1.m3u8?key=txiptv&playlive=1&authid=0,,,,,山东卫视,,,,,,TianmuTNT.txt
山东生活,http://ls.qingting.fm/live/60260.m3u8,,,,,山东生活,,,,,,TianmuTNT.txt
山西卫视,http://liveflash.sxrtv.com/live/sxwshd.m3u8?sub_m3u8=true&edge_slice=true,,,,,山西卫视,,,,,,TianmuTNT.txt
常熟民生,http://3gvod.zjgonline.com.cn:1935/live/_definst_/shehuishenghuo_app/chunklist.m3u8,,,,,常熟民生,,,,,,TianmuTNT.txt
平湖新闻综合,http://l.cztvcloud.com/channels/lantian/SXpinghu1/720p.m3u8?zzhed,,,,,平湖新闻综合,,,,,,TianmuTNT.txt
平遥新闻综合,https://tntgjhjb.live.sxmty.com/live/hls/3a4585ac11ec4e1bb07b419101b370c3/baf63e2b313440c2a25d7859f9b73b05-1.m3u8?zshanxd,,,,,平遥新闻综合,,,,,,TianmuTNT.txt
广东卫视,http://124.228.160.210:9901/tsfile/live/0125_1.m3u8?key=txiptv&playlive=1&authid=0,,,,,广东卫视,,,,,,TianmuTNT.txt
广东卫视,http://222.169.85.8:9901/tsfile/live/0125_1.m3u8?key=txiptv&playlive=1&authid=0,,,,,广东卫视,,,,,,TianmuTNT.txt
广元综合,https://m3u8.channel.dzsm.com/nmip-media/channellive/channel100999/playlist.m3u8,,,,,广元综合,,,,,,TianmuTNT.txt
广西国际,https://hlscdn.liangtv.cn/live/0234c48e0bc24fe1b41b9999a253e581/1075ee38e04f490690f6a36a16e09c79.m3u8,,,,,广西国际,,,,,,TianmuTNT.txt
广西桂林漓江景区,https://gcalic.v.myalicdn.com/gc/gllj01_1/index.m3u8,,,,,广西桂林漓江景区,,,,,,TianmuTNT.txt
广西玉林大容山莲花山顶,https://gcalic.v.myalicdn.com/gc/drs01_1/index.m3u8,,,,,广西玉林大容山莲花山顶,,,,,,TianmuTNT.txt
延边2,http://stream5.jlntv.cn/wq/playlist.m3u8,,,,,延边2,,,,,,TianmuTNT.txt
张掖七彩丹霞,https://gcalic.v.myalicdn.com/gc/zyqcdx01_1/index.m3u8,,,,,张掖七彩丹霞,,,,,,TianmuTNT.txt
快乐垂钓,http://drive.mxmy.net:8888/udp/239.3.1.164:8001,,,,,快乐垂钓,,,,,,TianmuTNT.txt
怀仁综合,https://1yp7hc5p.live.sxmty.com/live/hls/bff8529922344209985b6e49baa9555a/efa2543628fc4a7ea93d3d6c975f77dc-1.m3u8,,,,,怀仁综合,,,,,,TianmuTNT.txt
恒山悬空寺全景,https://gcalic.v.myalicdn.com/gc/hsxksqj_1/index.m3u8,,,,,恒山悬空寺全景,,,,,,TianmuTNT.txt
我不是药神,https://vip.ffzy-play1.com/20221018/478_c3afed66/index.m3u8,,,,,我不是药神,,,,,,TianmuTNT.txt
拆弹专家1,https://vip.ffzy-online.com/20221015/719_80ff87c2/index.m3u8,,,,,拆弹专家1,,,,,,TianmuTNT.txt
拆弹专家2,https://vip.ffzy-online.com/20221015/722_e32c42bc/index.m3u8,,,,,拆弹专家2,,,,,,TianmuTNT.txt
新疆卫视,http://218.84.12.186:8001/hls/main/playlist.m3u8?zxinjd;http://218.84.12.186:8001/hls/main/playlist.m3u8zxinjd,,,,,新疆卫视,,,,,,TianmuTNT.txt
普陀山,https://gcalic.v.myalicdn.com/gc/pts01_1/index.m3u8,,,,,普陀山,,,,,,TianmuTNT.txt
普陀电视台,https://l.cztvcloud.com/channels/lantian/SXputuo1/720p.m3u8,,,,,普陀电视台,,,,,,TianmuTNT.txt
月牙泉,https://gcalic.v.myalicdn.com/gc/dhyyqsm_1/index.m3u8,,,,,月牙泉,,,,,,TianmuTNT.txt
望乡台,https://gcalic.v.myalicdn.com/gc/hlwxt_1/index.m3u8,,,,,望乡台,,,,,,TianmuTNT.txt
朝天综合,https://m3u8.channel.dzsm.com/nmip-media/channellive/channel104601/playlist.m3u8,,,,,朝天综合,,,,,,TianmuTNT.txt
武进生活,http://live.wjyanghu.com/live/CH2.m3u8,,,,,武进生活,,,,,,TianmuTNT.txt
江津新闻,http://222.179.155.21:1935/ch1.m3u8?zzhongqd,,,,,江津新闻,,,,,,TianmuTNT.txt
江苏南京牛首山,https://gcalic.v.myalicdn.com/gc/nss01_1/index.m3u8,,,,,江苏南京牛首山,,,,,,TianmuTNT.txt
江苏卫视,http://124.228.160.210:9901/tsfile/live/0127_1.m3u8?key=txiptv&playlive=1&authid=0,,,,,江苏卫视,,,,,,TianmuTNT.txt
江苏徐州云龙湖风景区云龙山观景台西,https://gcalic.v.myalicdn.com/gc/ylh04_1/index.m3u8,,,,,江苏徐州云龙湖风景区云龙山观景台西,,,,,,TianmuTNT.txt
江西卫视,http://124.228.160.210:9901/tsfile/live/0138_1.m3u8?key=txiptv&playlive=1&authid=0,,,,,江西卫视,,,,,,TianmuTNT.txt
汪清,http://stream5.jlntv.cn/wq/sd/live.m3u8?zjild,,,,,汪清,,,,,,TianmuTNT.txt
泰山主峰,https://gcalic.v.myalicdn.com/gc/taishan01_1/index.m3u8,,,,,泰山主峰,,,,,,TianmuTNT.txt
泰山十八盘,https://gcalic.v.myalicdn.com/gc/taishan05_1/index.m3u8,,,,,泰山十八盘,,,,,,TianmuTNT.txt
泰山南天门,https://gcalic.v.myalicdn.com/gc/hkts07_1/index.m3u8,,,,,泰山南天门,,,,,,TianmuTNT.txt
泰山大观峰,https://gcalic.v.myalicdn.com/gc/taishan03_1/index.m3u8,,,,,泰山大观峰,,,,,,TianmuTNT.txt
泰山太平岭,https://gcalic.v.myalicdn.com/gc/hkts09_1/index.m3u8,,,,,泰山太平岭,,,,,,TianmuTNT.txt
泰山望人松,https://gcalic.v.myalicdn.com/gc/taishan02_1/index.m3u8,,,,,泰山望人松,,,,,,TianmuTNT.txt
泰山玉皇顶,https://gcalic.v.myalicdn.com/gc/taishan06_1/index.m3u8,,,,,泰山玉皇顶,,,,,,TianmuTNT.txt
泰山白云亭悬崖,https://gcalic.v.myalicdn.com/gc/hkts02_1/index.m3u8,,,,,泰山白云亭悬崖,,,,,,TianmuTNT.txt
泰山碧霞祠,https://gcalic.v.myalicdn.com/gc/hkts03_1/index.m3u8,,,,,泰山碧霞祠,,,,,,TianmuTNT.txt
津南一套,http://play.jinnantv.top/live/JNTV1.m3u8?ztianjd,,,,,津南一套,,,,,,TianmuTNT.txt
浙江卫视,http://ali-m-l.cztv.com/channels/lantian/channel001/1080p.m3u8,,,,,浙江卫视,,,,,,TianmuTNT.txt
浙江卫视,https://ali-m-l.cztv.com/channels/lantian/channel001/1080p.m3u8?,,,,,浙江卫视,,,,,,TianmuTNT.txt
浙江卫视,http://ali-xwl.cztv.com/live/channel011080Plxw.m3u8,,,,,浙江卫视,,,,,,TianmuTNT.txt
浙江卫视,http://ali-vl.cztv.com/channels/lantian/channel001/360p.m3u8,,,,,浙江卫视,,,,,,TianmuTNT.txt
浙江国际,https://ali-m-l.cztv.com/channels/lantian/channel010/1080p.m3u8?,,,,,浙江国际,,,,,,TianmuTNT.txt
浙江国际,http://ali-vl.cztv.com/channels/lantian/channel010/360p.m3u8,,,,,浙江国际,,,,,,TianmuTNT.txt
浙江国际,http://ali-m-l.cztv.com/channels/lantian/channel010/720p.m3u8,,,,,浙江国际,,,,,,TianmuTNT.txt
浙江少儿,http://ali-m-l.cztv.com/channels/lantian/channel008/1080p.m3u8,,,,,浙江少儿,,,,,,TianmuTNT.txt
浙江少儿,http://ali-vl.cztv.com/channels/lantian/channel008/360p.m3u8,,,,,浙江少儿,,,,,,TianmuTNT.txt
浙江教科影视,http://ali-vl.cztv.com/channels/lantian/channel004/360p.m3u8,,,,,浙江教科影视,,,,,,TianmuTNT.txt
浙江新闻,http://ali-m-l.cztv.com/channels/lantian/channel07/720p.m3u8,,,,,浙江新闻,,,,,,TianmuTNT.txt
浙江新闻,http://ali-vl.cztv.com/channels/lantian/channel007/360p.m3u8,,,,,浙江新闻,,,,,,TianmuTNT.txt
浙江民生,http://ali-m-l.cztv.com/channels/lantian/channel006/1080p.m3u8,,,,,浙江民生,,,,,,TianmuTNT.txt
浙江民生休闲,http://ali-vl.cztv.com/channels/lantian/channel006/360p.m3u8,,,,,浙江民生休闲,,,,,,TianmuTNT.txt
浙江留学,http://ali-vl.cztv.com/channels/lantian/channel009/360p.m3u8,,,,,浙江留学,,,,,,TianmuTNT.txt
浙江经济生活,http://ali-vl.cztv.com/channels/lantian/channel003/360p.m3u8,,,,,浙江经济生活,,,,,,TianmuTNT.txt
浙江舟山东极岛,https://gcalic.v.myalicdn.com/gc/djd01_1/index.m3u8,,,,,浙江舟山东极岛,,,,,,TianmuTNT.txt
浙江钱江,http://l.cztvcloud.com/channels/lantian/SXyuyao2/720p.m3u8,,,,,浙江钱江,,,,,,TianmuTNT.txt
浙江钱江都市,http://ali-m-l.cztv.com/channels/lantian/channel002/1080p.m3u8,,,,,浙江钱江都市,,,,,,TianmuTNT.txt
深圳卫视,http://124.228.160.210:9901/tsfile/live/0126_1.m3u8?key=txiptv&playlive=1&authid=0,,,,,深圳卫视,,,,,,TianmuTNT.txt
湖南卫视,http://hlsal-ldvt.qing.mgtv.com/nn_live/nn_x64/Y2RuZXhfaWQ9YWxfaGxzX2xkdnQmZT02OTE0NjA0JnY9MSZpZD1ITldTWkdTVCZzPTcwN2RiYTc2YzJjNmJmMTQ4MmUyZGYzOWU2NWM3YWFi/HNWSZGST.m3u8,,,,,湖南卫视,,,,,,TianmuTNT.txt
湖南卫视,http://www.yao87.com:4022/udp/239.76.246.101:1234,,,,,湖南卫视,,,,,,TianmuTNT.txt
湖南张家界天门山西线玻璃栈道,https://gcalic.v.myalicdn.com/gc/tms05_1/index.m3u8,,,,,湖南张家界天门山西线玻璃栈道,,,,,,TianmuTNT.txt
湖南张家界宝峰湖,https://gcalic.v.myalicdn.com/gc/zjjbfh_1/index.m3u8,,,,,湖南张家界宝峰湖,,,,,,TianmuTNT.txt
湖南张家界御笔峰,https://gcalic.v.myalicdn.com/gc/zjjybf_1/index.m3u8,,,,,湖南张家界御笔峰,,,,,,TianmuTNT.txt
湖南张家界水绕四门,https://gcalic.v.myalicdn.com/gc/zjjsrsm_1/index.m3u8,,,,,湖南张家界水绕四门,,,,,,TianmuTNT.txt
狮子山鸟瞰丽江古城,https://gcalic.v.myalicdn.com/gc/ljgcszsnkgc_1/index.m3u8,,,,,狮子山鸟瞰丽江古城,,,,,,TianmuTNT.txt
甘肃卫视,http://218.13.170.98:9901/tsfile/live/0141_1.m3u8,,,,,甘肃卫视,,,,,,TianmuTNT.txt
电影丧尸片,http://live.metshop.top/huya/21059578?cdn=alicdn,,,,,电影丧尸片,,,,,,TianmuTNT.txt
电影八点档,http://live.metshop.top/huya/880261?cdn=alicdn,,,,,电影八点档,,,,,,TianmuTNT.txt
电影刘德华,http://live.metshop.top/huya/11342424?cdn=alicdn,,,,,电影刘德华,,,,,,TianmuTNT.txt
电影功夫片,http://live.metshop.top/huya/11352941?cdn=alicdn,,,,,电影功夫片,,,,,,TianmuTNT.txt
电影动作电影,http://live.metshop.top/huya/11602077?cdn=alicdn,,,,,电影动作电影,,,,,,TianmuTNT.txt
电影周星星,http://live.metshop.top/huya/11336587?cdn=alicdn,,,,,电影周星星,,,,,,TianmuTNT.txt
电影喜剧专场,http://live.metshop.top/huya/11602044?cdn=alicdn,,,,,电影喜剧专场,,,,,,TianmuTNT.txt
电影嫣然影厅,http://live.metshop.top/huya/11601977?cdn=alicdn,,,,,电影嫣然影厅,,,,,,TianmuTNT.txt
电影战争片,http://live.metshop.top/huya/21059574?cdn=alicdn,,,,,电影战争片,,,,,,TianmuTNT.txt
电影搞笑喜剧,http://live.metshop.top/huya/11342423?cdn=alicdn,,,,,电影搞笑喜剧,,,,,,TianmuTNT.txt
电影梁家辉,http://live.metshop.top/huya/11342429?cdn=alicdn,,,,,电影梁家辉,,,,,,TianmuTNT.txt
电影犯罪片,http://live.metshop.top/huya/11352974?cdn=alicdn,,,,,电影犯罪片,,,,,,TianmuTNT.txt
电影蜘蛛侠,http://live.metshop.top/huya/21059599?cdn=alicdn,,,,,电影蜘蛛侠,,,,,,TianmuTNT.txt
电影谍战,http://live.metshop.top/huya/21059585?cdn=alicdn,,,,,电影谍战,,,,,,TianmuTNT.txt
电影谍战片,http://live.metshop.top/huya/21059587?cdn=alicdn,,,,,电影谍战片,,,,,,TianmuTNT.txt
电影贺岁,http://live.metshop.top/huya/11601971?cdn=alicdn,,,,,电影贺岁,,,,,,TianmuTNT.txt
电影高分动作,http://live.metshop.top/huya/11352884?cdn=alicdn,,,,,电影高分动作,,,,,,TianmuTNT.txt
白山公共,http://stream8.jlntv.cn/baishan2/playlist.m3u8?zjild,,,,,白山公共,,,,,,TianmuTNT.txt
直播中国,https://gcalic.v.myalicdn.com/gc/wgw05_1/index.m3u8?contentid=2820180516001,,,,,直播中国,,,,,,TianmuTNT.txt
直播中国精编直播,https://gcalic.v.myalicdn.com/gc/wgw05_1/index.m3u8,,,,,直播中国精编直播,,,,,,TianmuTNT.txt
福建武夷山玉女峰,https://gcalic.v.myalicdn.com/gc/wysynf_1/index.m3u8,,,,,福建武夷山玉女峰,,,,,,TianmuTNT.txt
福建漳州醉美沙滩翡翠湾,https://gcalic.v.myalicdn.com/gc/fcw03_1/index.m3u8,,,,,福建漳州醉美沙滩翡翠湾,,,,,,TianmuTNT.txt
自然传奇,http://newcntv.qcloudcdn.com/asp/hls/1200/0303000a/3/default/81a1ad3a661748bfb8560c92d38204ca/1200.m3u8,,,,,自然传奇,,,,,,TianmuTNT.txt
苍南新闻综合,https://l.cztvcloud.com/channels/lantian/SXcangnan1/720p.m3u8,,,,,苍南新闻综合,,,,,,TianmuTNT.txt
萧山新闻综合,http://l.cztvcloud.com/channels/lantian/SXxiaoshan1/720p.m3u8?zzhed,,,,,萧山新闻综合,,,,,,TianmuTNT.txt
衡阳新闻综合,https://liveplay-srs.voc.com.cn/hls/tv/183_554704.m3u8,,,,,衡阳新闻综合,,,,,,TianmuTNT.txt
衢江新闻综合,http://l.cztvcloud.com/channels/lantian/SXqujiang1/720p.m3u8?zzhed,,,,,衢江新闻综合,,,,,,TianmuTNT.txt
西安新闻,http://112.46.105.20:8009/hls/28/index.m3u8,,,,,西安新闻,,,,,,TianmuTNT.txt
西安都市,http://112.46.105.20:8009/hls/29/index.m3u8,,,,,西安都市,,,,,,TianmuTNT.txt
让子弹飞,https://vip.ffzy-play7.com/20230116/11563_b9f44814/index.m3u8,,,,,让子弹飞,,,,,,TianmuTNT.txt
贵州省兴义市万峰林,https://gcalic.v.myalicdn.com/gc/xywfl_1/index.m3u8,,,,,贵州省兴义市万峰林,,,,,,TianmuTNT.txt
辽宁卫视,http://61.136.172.236:9901/tsfile/live/0121_1.m3u8?key=txiptv&playlive=1&authid=0,,,,,辽宁卫视,,,,,,TianmuTNT.txt
邢台生活,https://jwcdnqx.hebyun.com.cn/live/xtcsshpd/1500k/tzwj_video.m3u8,,,,,邢台生活,,,,,,TianmuTNT.txt
都江堰鱼嘴,https://gcalic.v.myalicdn.com/gc/djyqyl1_1/index.m3u8,,,,,都江堰鱼嘴,,,,,,TianmuTNT.txt
金鹰卡通,http://221.13.235.123:9901/tsfile/live/1010_1.m3u8?key=txiptv&playlive=1&authid=0,,,,,金鹰卡通,,,,,,TianmuTNT.txt
镇江新闻综合,http://cm-wshls.homecdn.com/live/2aa50.m3u8,,,,,镇江新闻综合,,,,,,TianmuTNT.txt
长子综合,https://www.wxhcgbds.com:8081/channelTv/WXTV_1.m3u8?zshanxd,,,,,长子综合,,,,,,TianmuTNT.txt
长影频道,http://tpc.x3322.net:9901/tsfile/live/1010_1.m3u8,,,,,长影频道,,,,,,TianmuTNT.txt
陕西新闻咨询,http://112.46.105.20:8009/hls/18/index.m3u8,,,,,陕西新闻咨询,,,,,,TianmuTNT.txt
陕西洋县国宝朱鹮02,https://gcalic.v.myalicdn.com/gc/zh02_1/index.m3u8,,,,,陕西洋县国宝朱鹮02,,,,,,TianmuTNT.txt
陕西秦腔,http://112.46.105.20:8009/hls/22/index.m3u8,,,,,陕西秦腔,,,,,,TianmuTNT.txt
陕西都市青春,http://112.46.105.20:8009/hls/19/index.m3u8,,,,,陕西都市青春,,,,,,TianmuTNT.txt
陕西银龄,http://112.46.105.20:8009/hls/20/index.m3u8,,,,,陕西银龄,,,,,,TianmuTNT.txt
雪乡大石碑,https://gcalic.v.myalicdn.com/gc/mdjxxdsb_1/index.m3u8,,,,,雪乡大石碑,,,,,,TianmuTNT.txt
雪乡梦幻家园,https://gcalic.v.myalicdn.com/gc/mdjxxmhjyxj_1/index.m3u8,,,,,雪乡梦幻家园,,,,,,TianmuTNT.txt
青岛崂山八水河,https://gcalic.v.myalicdn.com/gc/qdls02_1/index.m3u8,,,,,青岛崂山八水河,,,,,,TianmuTNT.txt
青岛崂山双福,https://gcalic.v.myalicdn.com/gc/qdls03_1/index.m3u8,,,,,青岛崂山双福,,,,,,TianmuTNT.txt
音乐欣赏,http://61.221.215.25:8800/hls/49/index.m3u8,,,,,音乐欣赏,,,,,,TianmuTNT.txt
飞碟之谜01,https://hls.cntv.lxdns.com/asp/hls/2000/0303000a/3/default/f0a47e155d32450daa1d36a04fd7d262/2000.m3u8,,,,,飞碟之谜01,,,,,,TianmuTNT.txt
飞碟之谜02,https://newcntv.qcloudcdn.com/asp/hls/2000/0303000a/3/default/d2454bbb542d4613a9db478dab2addfd/2000.m3u8,,,,,飞碟之谜02,,,,,,TianmuTNT.txt
鸣沙山,https://gcalic.v.myalicdn.com/gc/dhyyqst_1/index.m3u8,,,,,鸣沙山,,,,,,TianmuTNT.txt
黄山,https://gcalic.v.myalicdn.com/gc/ahhs01_1/index.m3u8,,,,,黄山,,,,,,TianmuTNT.txt
黄山始信新道,https://gcalic.v.myalicdn.com/gc/hsyg_1/index.m3u8,,,,,黄山始信新道,,,,,,TianmuTNT.txt
黄山排云亭,https://gcalic.v.myalicdn.com/gc/hspyt_1/index.m3u8,,,,,黄山排云亭,,,,,,TianmuTNT.txt
黄山飞来石,https://gcalic.v.myalicdn.com/gc/hsptgy_1/index.m3u8,,,,,黄山飞来石,,,,,,TianmuTNT.txt
黄果树六角亭瀑布,https://gcalic.v.myalicdn.com/gc/hgsspzxdpb_1/index.m3u8,,,,,黄果树六角亭瀑布,,,,,,TianmuTNT.txt
黄花城水长城01,https://gcalic.v.myalicdn.com/gc/wgw01_1/index.m3u8,,,,,黄花城水长城01,,,,,,TianmuTNT.txt
黄花城水长城03,https://gcalic.v.myalicdn.com/gc/wgw03_1/index.m3u8,,,,,黄花城水长城03,,,,,,TianmuTNT.txt
黄龙,https://gcalic.v.myalicdn.com/gc/hlzycc_1/index.m3u8,,,,,黄龙,,,,,,TianmuTNT.txt
黑龙江卫视,https://idclive.hljtv.com:4430/live/hljws_own.m3u8,,,,,黑龙江卫视,,,,,,TianmuTNT.txt
黑龙江文体,https://idclive.hljtv.com:4430/live/hljwy_hd.m3u8,,,,,黑龙江文体,,,,,,TianmuTNT.txt
黑龙江都市,https://idclive.hljtv.com:4430/live/dushi_hd.m3u8,,,,,黑龙江都市,,,,,,TianmuTNT.txt
龙井,http://stream8.jlntv.cn/ljtv/sd/live.m3u8?zjild,,,,,龙井,,,,,,TianmuTNT.txt
龙游新闻综合,https://l.cztvcloud.com/channels/lantian/SXlongyou1/720p.m3u8,,,,,龙游新闻综合,,,,,,TianmuTNT.txt
龙游生活娱乐,https://l.cztvcloud.com/channels/lantian/SXlongyou2/720p.m3u8,,,,,龙游生活娱乐,,,,,,TianmuTNT.txt
龙门飞甲,http://jsmov2.a.yximgs.com/bs3/video-hls/5203346449046555193_hlsb.m3u8,,,,,龙门飞甲,,,,,,TianmuTNT.txt
[BD]bbc earth,https://stream1.freetv.fun/24358f38712d187d2fd38cb6f4c48fa88543e025ac9a386899adec203cb10b0a.m3u8,,,,,BBC Earth(tw),台灣,英文,https://epg.pw/media/images/channel/2023/07/17/large/20230717234812634336_85.jpg,知識,,epg-pw.txt
[SD]channel s,https://stream1.freetv.fun/7a28dcbcaf1436442e450321031f1e0f13e51e5972651ad17cd58798868b3872.m3u8,,,,,CHANNEL [V],台灣,英文,https://epg.pw/media/images/channel/2022/08/06/large/20220806161730161952_53.jpg,音樂,,epg-pw.txt
[HD]channel 11,https://stream1.freetv.fun/c429f9a26d194c07f60f2cc2ce74303b08d301367ba100b87e006a06914a088e.m3u8,,,,,CHANNEL [V],台灣,英文,https://epg.pw/media/images/channel/2022/08/06/large/20220806161730161952_53.jpg,音樂,,epg-pw.txt
[VGA]light channel,https://stream1.freetv.fun/5d64a95916ea7d10d9e0131f315c3a63290b4002735e5e0d8eeff83e3e56e996.m3u8,,,,,CHANNEL [V],台灣,英文,https://epg.pw/media/images/channel/2022/08/06/large/20220806161730161952_53.jpg,音樂,,epg-pw.txt
[SD]light channel,https://stream1.freetv.fun/8dbc34f95b9f378603cb881e64de466a5e0c8286c9ef3b5c642728f0447ebc3f.m3u8,,,,,CHANNEL [V],台灣,英文,https://epg.pw/media/images/channel/2022/08/06/large/20220806161730161952_53.jpg,音樂,,epg-pw.txt
[HD]channel 11,https://stream1.freetv.fun/fca0bd28ae8000f3bef263858ee50350cdcee11c4819c3ced4e0b2869ec9c770.m3u8,,,,,CHANNEL [V],台灣,英文,https://epg.pw/media/images/channel/2022/08/06/large/20220806161730161952_53.jpg,音樂,,epg-pw.txt
[HD]channel s,https://stream1.freetv.fun/241ec6a4a83c2813417d8700c33576826aff7a1ea79292fc6544ee8496dfb9cc.m3u8,,,,,CHANNEL [V],台灣,英文,https://epg.pw/media/images/channel/2022/08/06/large/20220806161730161952_53.jpg,音樂,,epg-pw.txt
[VGA]cctv4美洲,https://stream1.freetv.fun/42076cf31ff4aa94aac8fe8c9c0637340d1774f8c14ad89a4c2020335dff968c.ctv,,,,457244,ELTA體育2(備用),台灣,國語,https://epg.pw/media/images/channel/2026/06/20/large/20260620063130698602_20.png,運動,,epg-pw.txt
[HD]delta tv,https://stream1.freetv.fun/af94afe188d865e3b9abd37e8dcf9c142e358e3db1172f2a1f11a6a23b90f3c4.m3u8,,,,457246,ELTA體育4(備用),台灣,國語,https://epg.pw/media/images/channel/2026/06/20/large/20260620063150494947_77.png,運動,,epg-pw.txt
[HD]lifetime,https://stream1.freetv.fun/d7cba25b1671760295246d0866ae5a329ee7e5a55d472b2ee191b12c2b9c5f99.m3u8,,,,,Lifetime(TW),台灣,國語,https://epg.pw/media/images/channel/2024/04/28/large/20240428174927817268_88.png,綜藝,,epg-pw.txt
[BD]love nature,https://stream1.freetv.fun/b0000c4eb57bda1a3b5648b80522cabcc1bb196fb9ad2f34bc1e58b1608855a1.m3u8,,,,,Love Nature,台灣,國語,https://epg.pw/media/images/channel/2023/02/05/large/20230205151332194260_50.jpg,知識,,epg-pw.txt
[BD]love nature,https://stream1.freetv.fun/fcb4f4849136f98ed253e6be8bdace33ba0ed547191b5ca4ada25417a14964f6.m3u8,,,,,Love Nature,台灣,國語,https://epg.pw/media/images/channel/2023/02/05/large/20230205151332194260_50.jpg,知識,,epg-pw.txt
[SD]monomax sports,https://stream1.freetv.fun/6cd67080f462b4dfb11ca4887fc70d46aaeca699ca3fc74645ab9730a6987c68.m3u8,,,,,MOMO Sports,台灣,國語,https://epg.pw/media/images/channel/2022/02/10/large/20220210223003183088_57.png,運動,,epg-pw.txt
[BD]momo親子[geo-blocked],https://stream1.freetv.fun/d693682ff69f1d20c33575ccf3d5a2395098e31ea4a1f8dd8d6a06b5b02b073d.m3u8,,,,,MOMO親子臺,台灣,國語,https://epg.pw/media/img/logo/2013/10/30/bda3f89bec11e28ca511fc0f90e21ab3.jpg,兒童,,epg-pw.txt
[BD]pet club tv,https://stream1.freetv.fun/08fd35f18cd1a26fe08be8595efdb627fea3a00f1915d5c68472525eccc3a739.m3u8,,,,,PET CLUB TV,台灣,國語,https://epg.pw/media/images/channel/2022/02/10/large/20220210221839864411_20.png,其它,,epg-pw.txt
[BD]pet club tv,https://stream1.freetv.fun/43e3d201d62dd5f1492697364a0f43db2fb76186dcb15b54d340d2fe97e8cc11.m3u8,,,,,PET CLUB TV,台灣,國語,https://epg.pw/media/images/channel/2022/02/10/large/20220210221839864411_20.png,其它,,epg-pw.txt
[BD]star movies select,https://stream1.freetv.fun/9cd3c174e2d8645c5a14e8b17746cb5701d822f3250603152f1550a013ab6e12.m3u8,,,,,Star Movies TW,台灣,英文,https://epg.pw/media/images/channel/2022/04/28/large/20220428143809984195_35.png,電影,,epg-pw.txt
[HD]tvbs[geo-blocked],https://stream1.freetv.fun/a969d7787c96c8a7a9cf6f542343848dc7beb7475d548e093d53d2e9cde7d70b.m3u8,,,,,TVBS HD,台灣,國語,https://epg.pw/media/images/channel/2023/07/20/large/20230720162650498510_75.png,綜合,,epg-pw.txt
[BD]tvbs新闻,https://stream1.freetv.fun/5bad1e2d485e59cb1ef7353889b99add71e736816a9b993d98ba670303c51367.m3u8,,,,370174,TVBS新聞HD,台灣,國語,https://epg.pw/media/images/channel/2025/01/28/large/20250128055934838968_50.png,新聞,,epg-pw.txt
[BD]tvbs新闻,https://stream1.freetv.fun/28a8e3a06a371a16e0f8d934015757c52c1dbbbef7e6de43d7845c5a5d9b8443.m3u8,,,,370174,TVBS新聞HD,台灣,國語,https://epg.pw/media/images/channel/2025/01/28/large/20250128055934838968_50.png,新聞,,epg-pw.txt
[BD]tvbs新聞[geo-blocked],https://stream1.freetv.fun/a16ffa27fda82552af49c3a429909ce01ead0bda46f726ebb1300413f8e98cc3.ctv,,,,370174,TVBS新聞HD,台灣,國語,https://epg.pw/media/images/channel/2025/01/28/large/20250128055934838968_50.png,新聞,,epg-pw.txt
[BD]tvbs新聞[geo-blocked],https://stream1.freetv.fun/fe6a507303ec6ae76614a96ee48f5844ea4e7636314c1011a22aa4af8269a7a1.m3u8,,,,370174,TVBS新聞HD,台灣,國語,https://epg.pw/media/images/channel/2025/01/28/large/20250128055934838968_50.png,新聞,,epg-pw.txt
[BD]tvbs新闻,https://stream1.freetv.fun/b9008aeb80dd41cc97f7006561fd5af645903c8fe9f44cb2e1e866c841842054.m3u8,,,,370174,TVBS新聞HD,台灣,國語,https://epg.pw/media/images/channel/2025/01/28/large/20250128055934838968_50.png,新聞,,epg-pw.txt
[BD]tvbs精采[geo-blocked],https://stream1.freetv.fun/678c7d57713c21f0c425ea02b8ab2a10abe31bdec85ef76c0d38750c7896b67f.m3u8,,,,,TVBS精采臺,台灣,國語,https://epg.pw/media/images/channel/2021/01/11/large/20210111214029367376_50.png,綜藝,,epg-pw.txt
[BD]三立新闻,https://stream1.freetv.fun/103cd30c02d26d164666911be0e4abda2a1cd5d8ef4c1592d45b2427e75961dc.m3u8,,,,456555,三立新聞,台灣,國語,https://epg.pw/media/images/channel/2023/07/21/large/20230721173220819747_86.png,新聞,,epg-pw.txt
[HD]中天新闻,https://stream1.freetv.fun/948c2cabd4d3cf054b90b03d4b9c43339fcd0d6b8e31bf9f4ee1e5e4f04c5c09.m3u8,,,,,中天新聞FHD,台灣,國語,https://epg.pw/media/images/channel/2022/03/05/large/20220305151207450324_69.png,新聞,,epg-pw.txt
[HD]中天新闻,https://stream1.freetv.fun/a1460ba6759249f8a946c8226f63dc0c4d0a29edec24fbdbd723978a89799b64.m3u8,,,,,中天新聞FHD,台灣,國語,https://epg.pw/media/images/channel/2022/03/05/large/20220305151207450324_69.png,新聞,,epg-pw.txt
[BD]中天新闻,https://stream1.freetv.fun/15573ff43772cdbb44535d8129707a4a005c703eaa02a624b34b00b3b1e5bb97.m3u8,,,,,中天新聞FHD,台灣,國語,https://epg.pw/media/images/channel/2022/03/05/large/20220305151207450324_69.png,新聞,,epg-pw.txt
[SD]中天新闻 *$,https://stream1.freetv.fun/2e5ea7a94f8b536b824d80670f398f48d1efa96faac6a5226cdc92b55d7a2e16.m3u8,,,,,中天新聞FHD,台灣,國語,https://epg.pw/media/images/channel/2022/03/05/large/20220305151207450324_69.png,新聞,,epg-pw.txt
[BD]中天新闻,https://stream1.freetv.fun/09a7bd02a1ebdc47fbdd8027d13909561a54137ba6dca325520aa0b4b042a821.m3u8,,,,,中天新聞FHD,台灣,國語,https://epg.pw/media/images/channel/2022/03/05/large/20220305151207450324_69.png,新聞,,epg-pw.txt
[BD]中天新闻,https://stream1.freetv.fun/edece2d8d12d134655290b5078a67a3703330a4f66943305bf1484f692d42585.m3u8,,,,,中天新聞FHD,台灣,國語,https://epg.pw/media/images/channel/2022/03/05/large/20220305151207450324_69.png,新聞,,epg-pw.txt
[VGA]中天新闻,https://stream1.freetv.fun/467227b6a7950396adabd546b8cf98a0ff2cc578115917ef97885bf0eed89b28.m3u8,,,,,中天新聞FHD,台灣,國語,https://epg.pw/media/images/channel/2022/03/05/large/20220305151207450324_69.png,新聞,,epg-pw.txt
[BD]中天新聞[geo-blocked],https://stream1.freetv.fun/86c4bbf39b7ba14b8f7929428df4d9a5e150a79aeb6556a6f758524334e04a66.m3u8,,,,,中天新聞FHD,台灣,國語,https://epg.pw/media/images/channel/2022/03/05/large/20220305151207450324_69.png,新聞,,epg-pw.txt
[BD]中天新闻,https://stream1.freetv.fun/26909b95e0b48a92beff981e4af1a947e0f4eaf4515fb45d81de571b7a5aaeb0.m3u8,,,,,中天新聞FHD,台灣,國語,https://epg.pw/media/images/channel/2022/03/05/large/20220305151207450324_69.png,新聞,,epg-pw.txt
[VGA]中天新闻,https://stream1.freetv.fun/d0dc419e572496e04901fdd844b4f116a46a43cf2651e93153312310bd703995.m3u8,,,,,中天新聞FHD,台灣,國語,https://epg.pw/media/images/channel/2022/03/05/large/20220305151207450324_69.png,新聞,,epg-pw.txt
[BD]中天新闻,https://stream1.freetv.fun/966a882718752fcf477567b8ecca5a53feb6bbf6b7e60a8d1030f9be6892c25d.m3u8,,,,,中天新聞FHD,台灣,國語,https://epg.pw/media/images/channel/2022/03/05/large/20220305151207450324_69.png,新聞,,epg-pw.txt
[BD]中天新闻,https://stream1.freetv.fun/d5a6ec037d2c4635d144520d0ddf989faeb6a5f8d5d85e3c5a5c07d2ca2d79b3.m3u8,,,,,中天新聞FHD,台灣,國語,https://epg.pw/media/images/channel/2022/03/05/large/20220305151207450324_69.png,新聞,,epg-pw.txt
[BD]中視,https://stream1.freetv.fun/b627cf4f2eb013acefa14cf431cfe770e0f6992c5061c6d1bdf9b3668790e2ef.ctv,,,,,中視HD,台灣,國語,https://epg.pw/media/images/channel/2022/11/26/large/20221126214137329410_57.jpg,綜合,,epg-pw.txt
[BD]中視,https://stream1.freetv.fun/ed411043e38ba394725443fb6bcac3188173bd1449fa90b01808cacd2488ccae.ctv,,,,,中視HD,台灣,國語,https://epg.pw/media/images/channel/2022/11/26/large/20221126214137329410_57.jpg,綜合,,epg-pw.txt
[HD]中視[geo-blocked],https://stream1.freetv.fun/627c936c8d8711d0be7fa9a1c1fd0af3be217fd7ef016eeb702ec04def5dbb9a.m3u8,,,,,中視HD,台灣,國語,https://epg.pw/media/images/channel/2022/11/26/large/20221126214137329410_57.jpg,綜合,,epg-pw.txt
[BD]中视新闻,https://stream1.freetv.fun/5f3d68b2efc102fc2339fa5b60d4b2abde1aa0bb446fb9fabe6cf9a7ab38198f.m3u8,,,,,中視新聞FHD,台灣,國語,https://epg.pw/media/images/channel/2023/07/11/large/20230711221833273953_43.jpg,新聞,,epg-pw.txt
[BD]中視新聞[geo-blocked],https://stream1.freetv.fun/9d5ffec09ed08670ea7b11a469c8af857b3d6c49e3a22a74b0ebcae1731a3e55.m3u8,,,,,中視新聞臺,台灣,國語,https://epg.pw/media/images/channel/2022/05/06/large/20220506164553238162_16.png,新聞,,epg-pw.txt
[HD]人间卫视,https://stream1.freetv.fun/9f76ad62b7ac59970b10e209f250df382971823ed12f12459c11d5ca71e0d7b9.m3u8,,,,,人間衛視,台灣,國語,https://epg.pw/media/img/logo/1_164.jpg,其它,,epg-pw.txt
[BD]公視,https://stream1.freetv.fun/208f009de80b35b3f7d3cbe9f90a7b0499456dd86ede91c166c91b439851eeaa.ctv,,,,,公視HD,台灣,國語,https://epg.pw/media/images/channel/2023/07/24/large/20230724132219452361_49.png,綜合,,epg-pw.txt
[BD]公視,https://stream1.freetv.fun/ae65f99e3b8fe7667be27b20b6ca23ddffe52e8af761117da792ef811f0454db.ctv,,,,,公視HD,台灣,國語,https://epg.pw/media/images/channel/2023/07/24/large/20230724132219452361_49.png,綜合,,epg-pw.txt
[BD]寰宇新闻,https://stream1.freetv.fun/5bc2192b68243b3b4682609d306db8f3d5b61cc875fe9c26702040e560911ed8.m3u8,,,,,寰宇新聞FHD,台灣,國語,https://epg.pw/media/images/channel/2023/07/24/large/20230724134652233694_13.png,新聞,,epg-pw.txt
[SD]寰宇新闻 *$,https://stream1.freetv.fun/366a3588d09381efa33ffe4e332191e6a8d7d507fb293f2109acc3e1586b1f39.m3u8,,,,,寰宇新聞FHD,台灣,國語,https://epg.pw/media/images/channel/2023/07/24/large/20230724134652233694_13.png,新聞,,epg-pw.txt
[BD]寰宇新闻,https://stream1.freetv.fun/cc3ac399d86099e5a3206d38ac3738ad97285b606895947d3786fbcd544081fd.m3u8,,,,,寰宇新聞FHD,台灣,國語,https://epg.pw/media/images/channel/2023/07/24/large/20230724134652233694_13.png,新聞,,epg-pw.txt
[VGA]寰宇新闻,https://stream1.freetv.fun/d9e077d94c5ba3a10f9d1a26d5c1f3aa5d4d3f811e1f85120c5b742aaa506157.m3u8,,,,,寰宇新聞FHD,台灣,國語,https://epg.pw/media/images/channel/2023/07/24/large/20230724134652233694_13.png,新聞,,epg-pw.txt
[BD]东森新闻,https://stream1.freetv.fun/7c87d838783dd3b78602e013b57a03b913543fbabc109ee88d85a0b89bd7fff1.m3u8,,,,,東森新聞HD,台灣,國語,https://epg.pw/media/images/channel/2023/07/22/large/20230722105958907992_29.png,新聞,,epg-pw.txt
[BD]東森新聞[geo-blocked],https://stream1.freetv.fun/715e6a8389e31f9c8c51077b40c828e1255546d9202a213253c0cd8a5c687369.m3u8,,,,,東森新聞臺,台灣,國語,https://epg.pw/media/,新聞,,epg-pw.txt
[BD]東森新聞,https://stream1.freetv.fun/63f8eb7e87fb508a6d82afd23a1e9287e1f2205368685562dce238ba767bb2ac.ctv,,,,,東森新聞臺,台灣,國語,https://epg.pw/media/,新聞,,epg-pw.txt
[BD]東森電影[geo-blocked],https://stream1.freetv.fun/d3e4ac4a1216587cdcdd680d8ff720735c9fe324388e6e5592a64b61198066b6.ctv,,,,,東森電影,台灣,國語,https://epg.pw/media/images/channel/2022/05/06/large/20220506164750276114_35.png,電影,,epg-pw.txt
[BD]民視[geo-blocked],https://stream1.freetv.fun/b075d8c2233a0f204f77aae2d3794b04b8959c740d0518df61c48d4a903c869d.ctv,,,,,民視,台灣,國語,https://epg.pw/media/images/channel/2022/11/27/large/20221127000500162147_91.jpg,綜合,,epg-pw.txt
[BD]民視,https://stream1.freetv.fun/0079988bc2d8480a6183499774a232fc11657753bcb7d97a8dee88b362c57815.ctv,,,,,民視,台灣,國語,https://epg.pw/media/images/channel/2022/11/27/large/20221127000500162147_91.jpg,綜合,,epg-pw.txt
[BD]民視,https://stream1.freetv.fun/a371322b7c9e6a92b322f51e1b3d3948ac414988b725ac9233a77698725f3aac.ctv,,,,,民視,台灣,國語,https://epg.pw/media/images/channel/2022/11/27/large/20221127000500162147_91.jpg,綜合,,epg-pw.txt
[VGA]民視新聞,https://stream1.freetv.fun/fffd54cb8b867dcf5861d222dc22653d5f56f0f01f9b1a3e5f540fbc592a2760.ctv,,,,,民視新聞 HD,台灣,國語,https://epg.pw/media/images/channel/2022/05/06/large/20220506171601310367_14.png,新聞,,epg-pw.txt
[BD]民視新聞,https://stream1.freetv.fun/33ae9aa2523492a0deb1bebba74b646b746cf674d50b753e7c4c06305d3fe40b.ctv,,,,,民視新聞 HD,台灣,國語,https://epg.pw/media/images/channel/2022/05/06/large/20220506171601310367_14.png,新聞,,epg-pw.txt
[BD]民视新闻,https://stream1.freetv.fun/a6dd48cff68c1da6ae33d7a2d962ab66d11a3791c0f133b0cd3bbbf99ea8b3c8.m3u8,,,,,民視新聞HD,台灣,國語,https://epg.pw/media/images/channel/2023/07/24/large/20230724152553016179_83.png,新聞,,epg-pw.txt
[BD]民視第一,https://stream1.freetv.fun/e4fcbe774413a4dcbd6e0f4cfd4c39b4f9a1989e27df620d654a015cfaf70c93.ctv,,,,,民視第一臺,台灣,國語,https://epg.pw/media/images/channel/2022/03/23/large/20220323172047199293_67.png,綜合,,epg-pw.txt
[HD]民視綜藝[geo-blocked],https://stream1.freetv.fun/9d95571983b3b3ce310d018451035834ef2a5f12e9b81cbd195d322a32942fbf.m3u8,,,,,民視綜藝臺,台灣,國語,https://epg.pw/media/images/channel/2022/02/10/large/20220210223807030725_31.png,綜藝,,epg-pw.txt
[VGA]经典香港电影,https://stream1.freetv.fun/aa72403ee21188014b4d48c19f6d9b1ca52d877e3151d5e2273952d3f52012ba.ctv,,,,370259,經典電影臺,台灣,國語,https://epg.pw/media/images/channel/2024/02/28/large/20240228002632629515_75.png,電影,,epg-pw.txt
[HD]经典香港电影,https://stream1.freetv.fun/f1a18e53fb3fc0d2b466278c222a0d31f2f33ec9c593628c3d2061e43f4d58b8.ctv,,,,370259,經典電影臺,台灣,國語,https://epg.pw/media/images/channel/2024/02/28/large/20240228002632629515_75.png,電影,,epg-pw.txt
[HD]经典香港电影,https://stream1.freetv.fun/ff96b1e65b5eb81db7b27a7ba467f8dd81363f1560e54d999886a4802d0c51d8.ctv,,,,370259,經典電影臺,台灣,國語,https://epg.pw/media/images/channel/2024/02/28/large/20240228002632629515_75.png,電影,,epg-pw.txt
[BD]經典電影[geo-blocked],https://stream1.freetv.fun/5c02c5c3aef32c5e3e7568b898ec456729c0a5ce6168947a0d8844433b2f1ea4.m3u8,,,,,經典電影臺,台灣,國語,https://epg.pw/media/images/channel/2023/04/28/large/20230428003944893108_94.jpg,電影,,epg-pw.txt
[HD]美亚电影,https://stream1.freetv.fun/42b1fc4ec1e503820acd3e2c367e0c00b12fcf08340ec5674fa22b0c8260581c.m3u8,,,,,美亞電影台[TW],台灣,國語,https://epg.pw/media/images/channel/2024/01/14/large/20240114154701302621_82.png,電影,,epg-pw.txt
[BD]台視,https://stream1.freetv.fun/5f1647f69faf035a2edf66cf6a0c119ea2ce317c155073f842dd4661b72cec9f.ctv,,,,,臺視HD,台灣,國語,https://epg.pw/media/uploads/tmp_logo/2015/09/29/20150929121750759037_14.jpg,新聞,,epg-pw.txt
[HD]台視,https://stream1.freetv.fun/5b5145163d6aeb41fc9bc162066b45a3c31bf2a33c21d984b18fd7489e974b84.ctv,,,,,臺視HD,台灣,國語,https://epg.pw/media/uploads/tmp_logo/2015/09/29/20150929121750759037_14.jpg,新聞,,epg-pw.txt
[BD]台視新聞,https://stream1.freetv.fun/d96ca80f2e6d7eb1a1737aaf17284caded271210e4432dfb4378a9ab6d8ef7b2.ctv,,,,,臺視新聞臺,台灣,國語,https://epg.pw/media/uploads/tmp_logo/2016/11/22/20161122123940121042_91.png,新聞,,epg-pw.txt
[BD]華視[geo-blocked],https://stream1.freetv.fun/c12a3bdd6741bbc1ffa235134d0b6a239f3418a339fa80838f91f1cb758eda90.m3u8,,,,,華視HD,台灣,國語,https://epg.pw/media/images/channel/2022/05/06/large/20220506164257585081_80.png,綜合,,epg-pw.txt
[BD]華視,https://stream1.freetv.fun/314f2cb4817946086dc692b56f0c215b09aabbb8c8236279d6504baa2e0f411f.ctv,,,,,華視HD,台灣,國語,https://epg.pw/media/images/channel/2022/05/06/large/20220506164257585081_80.png,綜合,,epg-pw.txt
[BD]華視,https://stream1.freetv.fun/9e49fa5baea048e3f87533024768e5f57910e07663f13efd1ee7d570032f118c.ctv,,,,,華視HD,台灣,國語,https://epg.pw/media/images/channel/2022/05/06/large/20220506164257585081_80.png,綜合,,epg-pw.txt
[BD]華視[geo-blocked],https://stream1.freetv.fun/65095ff151df1664329f37db461e7bd924305b3b6cc53a937e3e016b9fb1dc69.m3u8,,,,,華視HD,台灣,國語,https://epg.pw/media/images/channel/2022/05/06/large/20220506164257585081_80.png,綜合,,epg-pw.txt
[HD]華視新聞[geo-blocked],https://stream1.freetv.fun/e159b93114a44d525a361167a5d74a614b6cc976f88913dcb6613aaac886dd67.m3u8,,,,,華視新聞,台灣,國語,https://epg.pw/media/uploads/tmp_logo/2017/05/08/20170508123606517919_39.png,新聞,,epg-pw.txt
[BD]华视新闻,https://stream1.freetv.fun/d5dff92c6ff7920d3aa0807d26bcd3f7b17f1b4f6b4df10b03f22d070398f3e9.m3u8,,,,,華視新聞FHD,台灣,國語,https://epg.pw/media/images/channel/2023/07/18/large/20230718001252593456_95.jpg,新聞,,epg-pw.txt
[BD]金光布袋戲[geo-blocked],https://stream1.freetv.fun/a64a8bc8f1e401e1c12604a5b79d19edca054bd552bfad27c8807788c7289b46.m3u8,,,,,金光布袋戲,台灣,國語,https://epg.pw/media/images/channel/2023/07/03/large/20230703010822122677_34.jpeg,綜藝,,epg-pw.txt
[HD]靖洋戲劇[geo-blocked],https://stream1.freetv.fun/7787a5764bd4e59f73aa840265480746757412df1d4f3fad720d83a950ea9f14.m3u8,,,,,靖洋戲劇,台灣,國語,https://epg.pw/media/images/channel/2023/07/11/large/20230711224936326578_83.jpg,電影,,epg-pw.txt
